<?xml version="1.0" encoding="UTF-8"?>
<beans xmlns="http://www.springframework.org/schema/beans"
	xmlns:context="http://www.springframework.org/schema/context"
	xmlns:mvc="http://www.springframework.org/schema/mvc"
	xmlns:xsi="http://www.w3.org/2001/XMLSchema-instance"
	xsi:schemaLocation=" 
        http://www.springframework.org/schema/beans   
        http://www.springframework.org/schema/beans/spring-beans-4.0.xsd   
        http://www.springframework.org/schema/context   
        http://www.springframework.org/schema/context/spring-context-4.0.xsd   
        http://www.springframework.org/schema/mvc   
        http://www.springframework.org/schema/mvc/spring-mvc-4.0.xsd   
        ">
    <!-- bean组件扫描 -->    
    <context:component-scan base-package="cn.itcast.chatroom.web" />
    
    <!-- MVC注解驱动 -->
	<mvc:annotation-driven />
	<!-- 静态资源 -->
	<mvc:resources location="/resources/" mapping="/resources/**" />
	
	<bean class="org.springframework.web.servlet.view.InternalResourceViewResolver">
		<property name="prefix" value="/WEB-INF/views/" />
		<property name="suffix" value=".jsp" />
		<property name="order" value="1" />
	</bean>
	
</beans>  